Response.No.;Fish.code;q82fsweight1;Common.name
1;24;750;Squid
1;24;750;Squid
1;24;750;Squid
1;24;750;Squid
1;24;750;Squid
1;24;750;Squid
1;24;750;Squid
1;24;750;Squid
1;24;750;Squid
1;24;750;Squid
1;24;750;Squid
1;24;750;Squid
1;24;750;Squid
1;24;750;Squid
1;24;750;Squid
1;24;750;Squid
1;24;1500;Squid
1;24;1500;Squid
1;24;1500;Squid
1;24;750;Squid
1;24;750;Squid
2;39;2000;Bluespine unicornfish
2;39;2000;Bluespine unicornfish
2;39;2500;Bluespine unicornfish
2;39;2500;Bluespine unicornfish
2;39;2500;Bluespine unicornfish
2;39;2500;Bluespine unicornfish
2;39;2500;Bluespine unicornfish
2;39;2500;Bluespine unicornfish
2;39;2500;Bluespine unicornfish
2;39;2500;Bluespine unicornfish
2;39;3000;Bluespine unicornfish
2;39;3000;Bluespine unicornfish
2;39;3000;Bluespine unicornfish
2;39;3000;Bluespine unicornfish
2;39;3000;Bluespine unicornfish
2;39;3000;Bluespine unicornfish
2;39;2000;Bluespine unicornfish
2;39;2000;Bluespine unicornfish
2;39;2500;Bluespine unicornfish
2;39;2500;Bluespine unicornfish
3;27;3500;Golden trevally
3;39;1000;Bluespine unicornfish
3;39;2500;Bluespine unicornfish
3;39;2500;Bluespine unicornfish
3;39;2500;Bluespine unicornfish
3;39;2500;Bluespine unicornfish
3;39;2500;Bluespine unicornfish
3;39;3000;Bluespine unicornfish
3;39;3000;Bluespine unicornfish
3;39;3000;Bluespine unicornfish
3;39;3000;Bluespine unicornfish
3;94;1000;Surgeonfish
3;94;1000;Surgeonfish
3;94;1000;Surgeonfish
3;94;1000;Surgeonfish
3;94;1000;Surgeonfish
3;94;1500;Surgeonfish
3;94;1500;Surgeonfish
3;94;1500;Surgeonfish
3;94;1500;Surgeonfish
4;25;2000;Spangled emperor
4;25;2000;Spangled emperor
4;25;2000;Spangled emperor
4;25;2500;Spangled emperor
4;25;2000;Spangled emperor
4;25;2000;Spangled emperor
4;25;2500;Spangled emperor
4;25;2500;Spangled emperor
4;25;2500;Spangled emperor
4;25;1500;Spangled emperor
4;25;1500;Spangled emperor
4;25;1500;Spangled emperor
4;25;2500;Spangled emperor
4;25;2500;Spangled emperor
4;39;4000;Bluespine unicornfish
4;39;4000;Bluespine unicornfish
4;39;3500;Bluespine unicornfish
4;39;750;Bluespine unicornfish
4;39;750;Bluespine unicornfish
4;94;4000;Surgeonfish
4;94;3500;Surgeonfish
4;94;750;Surgeonfish
4;94;750;Surgeonfish
4;94;750;Surgeonfish
4;94;750;Surgeonfish
5;30;250;Blue-barred parrotfish
5;30;250;Blue-barred parrotfish
5;30;250;Blue-barred parrotfish
5;30;250;Blue-barred parrotfish
5;30;250;Blue-barred parrotfish
5;30;250;Blue-barred parrotfish
5;30;250;Blue-barred parrotfish
5;30;250;Blue-barred parrotfish
5;30;250;Blue-barred parrotfish
5;30;250;Blue-barred parrotfish
5;30;500;Blue-barred parrotfish
5;30;500;Blue-barred parrotfish
5;30;500;Blue-barred parrotfish
5;30;500;Blue-barred parrotfish
6;25;4500;Spangled emperor
6;25;4500;Spangled emperor
6;94;125;Surgeonfish
6;94;125;Surgeonfish
6;94;125;Surgeonfish
6;94;125;Surgeonfish
6;94;125;Surgeonfish
6;94;125;Surgeonfish
6;94;125;Surgeonfish
6;94;125;Surgeonfish
6;94;125;Surgeonfish
6;94;125;Surgeonfish
6;94;125;Surgeonfish
6;94;125;Surgeonfish
6;94;125;Surgeonfish
6;94;125;Surgeonfish
6;94;125;Surgeonfish
6;94;125;Surgeonfish
6;94;125;Surgeonfish
6;94;125;Surgeonfish
6;94;125;Surgeonfish
6;94;125;Surgeonfish
6;119;125;Blacktip grouper
6;119;125;Blacktip grouper
6;119;125;Blacktip grouper
7;60;NA;Floral wrasse
8;28;1500;Freckled Drift fish
8;30;4500;Blue-barred parrotfish
8;30;4500;Blue-barred parrotfish
8;30;4500;Blue-barred parrotfish
8;30;4500;Blue-barred parrotfish
8;30;4500;Blue-barred parrotfish
8;30;4500;Blue-barred parrotfish
8;30;4500;Blue-barred parrotfish
8;30;4500;Blue-barred parrotfish
8;30;4500;Blue-barred parrotfish
8;30;4500;Blue-barred parrotfish
8;30;4500;Blue-barred parrotfish
8;30;4500;Blue-barred parrotfish
8;30;4500;Blue-barred parrotfish
8;30;4500;Blue-barred parrotfish
8;30;4500;Blue-barred parrotfish
8;30;4500;Blue-barred parrotfish
8;30;4500;Blue-barred parrotfish
8;30;4500;Blue-barred parrotfish
8;30;4500;Blue-barred parrotfish
8;30;4500;Blue-barred parrotfish
8;94;1500;Surgeonfish
8;94;1500;Surgeonfish
8;94;1500;Surgeonfish
8;94;1500;Surgeonfish
9;27;1250;Golden trevally
9;27;1500;Golden trevally
9;27;1500;Golden trevally
10;30;500;Blue-barred parrotfish
10;30;500;Blue-barred parrotfish
10;30;1000;Blue-barred parrotfish
10;30;1000;Blue-barred parrotfish
10;30;1000;Blue-barred parrotfish
10;30;1000;Blue-barred parrotfish
10;30;1000;Blue-barred parrotfish
10;30;1000;Blue-barred parrotfish
10;30;1000;Blue-barred parrotfish
10;30;1000;Blue-barred parrotfish
10;30;1000;Blue-barred parrotfish
10;30;1000;Blue-barred parrotfish
10;30;1000;Blue-barred parrotfish
10;30;1000;Blue-barred parrotfish
11;14;2500;Skipjack tuna
11;14;2500;Skipjack tuna
11;14;2500;Skipjack tuna
11;14;2000;Skipjack tuna
11;14;2000;Skipjack tuna
11;14;2000;Skipjack tuna
11;14;2000;Skipjack tuna
11;14;2000;Skipjack tuna
11;14;2000;Skipjack tuna
11;14;2500;Skipjack tuna
11;43;12500;Common dolphinfish
11;43;12500;Common dolphinfish
11;43;12500;Common dolphinfish
11;43;5000;Common dolphinfish
11;43;5000;Common dolphinfish
11;104;20000;Yellowfin tuna
11;104;40000;Yellowfin tuna
11;104;15000;Yellowfin tuna
12;27;500;Golden trevally
12;27;500;Golden trevally
12;27;500;Golden trevally
12;27;500;Golden trevally
12;27;500;Golden trevally
12;27;500;Golden trevally
12;27;500;Golden trevally
13;25;2000;Spangled emperor
13;25;1500;Spangled emperor
13;25;1500;Spangled emperor
13;25;1500;Spangled emperor
13;25;1500;Spangled emperor
13;25;1500;Spangled emperor
13;25;1500;Spangled emperor
13;25;1500;Spangled emperor
13;42;1500;Sky emperor
13;42;1500;Sky emperor
13;42;1500;Sky emperor
13;42;1500;Sky emperor
13;42;1000;Sky emperor
13;42;1000;Sky emperor
13;42;1000;Sky emperor
13;42;1000;Sky emperor
13;42;1000;Sky emperor
13;42;1000;Sky emperor
13;42;1000;Sky emperor
13;42;1000;Sky emperor
13;42;1000;Sky emperor
13;42;1000;Sky emperor
13;42;1000;Sky emperor
13;42;1000;Sky emperor
13;42;1000;Sky emperor
14;30;250;Blue-barred parrotfish
14;30;250;Blue-barred parrotfish
14;30;250;Blue-barred parrotfish
14;30;250;Blue-barred parrotfish
14;30;500;Blue-barred parrotfish
14;30;500;Blue-barred parrotfish
14;30;1000;Blue-barred parrotfish
14;39;1000;Bluespine unicornfish
14;39;1500;Bluespine unicornfish
14;42;1000;Sky emperor
14;42;1000;Sky emperor
14;42;1500;Sky emperor
14;42;2500;Sky emperor
14;119;500;Blacktip grouper
14;119;500;Blacktip grouper
14;119;500;Blacktip grouper
14;119;500;Blacktip grouper
14;119;500;Blacktip grouper
14;119;1500;Blacktip grouper
14;119;2000;Blacktip grouper
15;25;1500;Spangled emperor
15;25;4000;Spangled emperor
15;25;3500;Spangled emperor
15;25;3500;Spangled emperor
15;42;500;Sky emperor
15;42;500;Sky emperor
15;42;500;Sky emperor
15;42;500;Sky emperor
15;42;500;Sky emperor
15;42;500;Sky emperor
15;42;750;Sky emperor
15;42;750;Sky emperor
15;42;750;Sky emperor
15;42;750;Sky emperor
15;42;750;Sky emperor
15;42;750;Sky emperor
16;35;500;Spotcheek Emperor
16;35;500;Spotcheek Emperor
16;35;500;Spotcheek Emperor
16;35;500;Spotcheek Emperor
16;35;500;Spotcheek Emperor
16;119;500;Blacktip grouper
16;119;750;Blacktip grouper
16;119;750;Blacktip grouper
16;119;750;Blacktip grouper
16;119;750;Blacktip grouper
17;38;250;Shoemaker spinefoot
17;38;250;Shoemaker spinefoot
17;38;250;Shoemaker spinefoot
17;38;250;Shoemaker spinefoot
17;38;250;Shoemaker spinefoot
17;38;250;Shoemaker spinefoot
17;38;250;Shoemaker spinefoot
17;38;250;Shoemaker spinefoot
17;38;250;Shoemaker spinefoot
17;38;250;Shoemaker spinefoot
17;83;50;Doublebar goatfish
17;83;50;Doublebar goatfish
17;83;50;Doublebar goatfish
17;83;50;Doublebar goatfish
17;83;50;Doublebar goatfish
17;83;50;Doublebar goatfish
17;83;50;Doublebar goatfish
17;83;50;Doublebar goatfish
17;83;50;Doublebar goatfish
17;83;50;Doublebar goatfish
17;83;50;Doublebar goatfish
17;83;50;Doublebar goatfish
17;83;50;Doublebar goatfish
17;83;50;Doublebar goatfish
17;83;50;Doublebar goatfish
18;25;2000;Spangled emperor
18;25;200;Spangled emperor
18;25;150;Spangled emperor
18;25;200;Spangled emperor
18;25;150;Spangled emperor
18;25;200;Spangled emperor
18;25;150;Spangled emperor
18;25;200;Spangled emperor
18;25;150;Spangled emperor
18;25;200;Spangled emperor
18;25;150;Spangled emperor
18;25;200;Spangled emperor
18;25;150;Spangled emperor
18;25;200;Spangled emperor
18;25;150;Spangled emperor
18;25;200;Spangled emperor
18;25;150;Spangled emperor
19;69;500;Octopus
19;69;500;Octopus
19;69;500;Octopus
19;69;1000;Octopus
19;69;750;Octopus
19;69;750;Octopus
20;69;750;Octopus
20;69;750;Octopus
20;69;750;Octopus
20;69;750;Octopus
20;69;750;Octopus
20;69;750;Octopus
21;25;1500;Spangled emperor
21;25;300;Spangled emperor
21;25;600;Spangled emperor
21;26;300;Striped large-eye bream
21;111;150;Halfmoon grouper
21;111;200;Halfmoon grouper
22;25;2000;Spangled emperor
22;35;250;Spotcheek Emperor
22;42;1250;Sky emperor
22;42;1250;Sky emperor
22;42;1250;Sky emperor
22;42;1250;Sky emperor
22;42;1250;Sky emperor
22;42;1250;Sky emperor
22;42;1250;Sky emperor
22;42;1250;Sky emperor
22;42;1250;Sky emperor
22;42;2000;Sky emperor
22;42;2000;Sky emperor
22;42;2000;Sky emperor
22;42;2000;Sky emperor
22;42;2000;Sky emperor
22;42;2000;Sky emperor
22;42;500;Sky emperor
22;42;500;Sky emperor
22;42;500;Sky emperor
22;42;500;Sky emperor
22;119;250;Blacktip grouper
22;119;250;Blacktip grouper
22;119;250;Blacktip grouper
22;119;250;Blacktip grouper
23;30;250;Blue-barred parrotfish
23;30;250;Blue-barred parrotfish
23;30;250;Blue-barred parrotfish
23;30;375;Blue-barred parrotfish
23;30;375;Blue-barred parrotfish
23;38;250;Shoemaker spinefoot
23;38;250;Shoemaker spinefoot
23;38;250;Shoemaker spinefoot
23;38;375;Shoemaker spinefoot
23;38;375;Shoemaker spinefoot
23;83;250;Doublebar goatfish
23;83;250;Doublebar goatfish
23;83;250;Doublebar goatfish
23;83;250;Doublebar goatfish
23;83;250;Doublebar goatfish
23;83;375;Doublebar goatfish
24;69;1500;Octopus
24;69;2500;Octopus
25;24;500;Squid
25;24;1000;Squid
25;38;84;Shoemaker spinefoot
25;69;1000;Octopus
25;69;1500;Octopus
25;83;500;Doublebar goatfish
26;38;500;Shoemaker spinefoot
26;38;500;Shoemaker spinefoot
26;38;500;Shoemaker spinefoot
26;38;500;Shoemaker spinefoot
26;38;500;Shoemaker spinefoot
26;39;1000;Bluespine unicornfish
26;39;1000;Bluespine unicornfish
26;39;1000;Bluespine unicornfish
26;39;1000;Bluespine unicornfish
26;39;1000;Bluespine unicornfish
26;39;1000;Bluespine unicornfish
26;83;500;Doublebar goatfish
26;83;500;Doublebar goatfish
26;83;500;Doublebar goatfish
26;83;500;Doublebar goatfish
27;38;250;Shoemaker spinefoot
27;42;500;Sky emperor
27;83;125;Doublebar goatfish
27;111;125;Halfmoon grouper
28;39;1000;Bluespine unicornfish
28;39;350;Bluespine unicornfish
28;39;1000;Bluespine unicornfish
28;39;1250;Bluespine unicornfish
28;39;1000;Bluespine unicornfish
28;39;1000;Bluespine unicornfish
28;39;1000;Bluespine unicornfish
29;9;5000;Pickhandle barracuda 
29;9;3500;Pickhandle barracuda 
29;44;7500;Indo-Pacific blue marlin
29;99;13000;Tuna (unspecified)
29;99;12000;Tuna (unspecified)
30;27;5000;Golden trevally
30;27;5000;Golden trevally
30;39;2000;Bluespine unicornfish
30;39;2500;Bluespine unicornfish
30;39;NA;Bluespine unicornfish
30;39;NA;Bluespine unicornfish
30;39;NA;Bluespine unicornfish
30;39;NA;Bluespine unicornfish
30;39;1800;Bluespine unicornfish
30;39;2000;Bluespine unicornfish
30;94;1000;Surgeonfish
30;94;1250;Surgeonfish
30;94;NA;Surgeonfish
30;94;NA;Surgeonfish
30;94;NA;Surgeonfish
30;94;NA;Surgeonfish
30;94;NA;Surgeonfish
30;94;NA;Surgeonfish
30;94;NA;Surgeonfish
30;94;NA;Surgeonfish
31;20;500;Goby
31;20;500;Goby
31;20;500;Goby
31;20;500;Goby
31;20;500;Goby
31;83;500;Doublebar goatfish
31;83;500;Doublebar goatfish
31;83;500;Doublebar goatfish
31;83;500;Doublebar goatfish
32;30;375;Blue-barred parrotfish
32;30;375;Blue-barred parrotfish
32;30;375;Blue-barred parrotfish
32;30;375;Blue-barred parrotfish
32;30;250;Blue-barred parrotfish
32;30;250;Blue-barred parrotfish
32;30;250;Blue-barred parrotfish
32;30;250;Blue-barred parrotfish
32;30;250;Blue-barred parrotfish
32;30;250;Blue-barred parrotfish
33;20;250;Goby
33;20;250;Goby
33;20;250;Goby
33;20;250;Goby
33;20;250;Goby
33;83;250;Doublebar goatfish
33;83;250;Doublebar goatfish
33;83;250;Doublebar goatfish
33;83;250;Doublebar goatfish
33;83;250;Doublebar goatfish
33;112;250;Grouper
33;112;250;Grouper
33;112;250;Grouper
33;112;250;Grouper
33;112;250;Grouper
34;30;500;Blue-barred parrotfish
34;30;500;Blue-barred parrotfish
34;30;500;Blue-barred parrotfish
34;30;500;Blue-barred parrotfish
34;30;500;Blue-barred parrotfish
34;30;500;Blue-barred parrotfish
34;30;750;Blue-barred parrotfish
34;30;500;Blue-barred parrotfish
34;83;375;Doublebar goatfish
35;15;500;Mangrove Red snapper
35;15;700;Mangrove Red snapper
35;30;350;Blue-barred parrotfish
35;83;500;Doublebar goatfish
35;83;700;Doublebar goatfish
35;83;700;Doublebar goatfish
36;25;NA;Spangled emperor
36;35;NA;Spotcheek Emperor
37;27;3000;Golden trevally
37;27;2500;Golden trevally
37;42;2000;Sky emperor
37;42;2000;Sky emperor
37;42;2000;Sky emperor
37;42;2000;Sky emperor
38;25;3000;Spangled emperor
38;25;3000;Spangled emperor
38;25;3000;Spangled emperor
38;42;1500;Sky emperor
38;42;1500;Sky emperor
38;42;1500;Sky emperor
38;42;1500;Sky emperor
38;119;4500;Blacktip grouper
38;119;4500;Blacktip grouper
38;119;4500;Blacktip grouper
38;119;4500;Blacktip grouper
38;119;4500;Blacktip grouper
39;39;1500;Bluespine unicornfish
39;39;2000;Bluespine unicornfish
40;115;250;Honeycomb grouper
40;115;300;Honeycomb grouper
40;115;250;Honeycomb grouper
40;115;200;Honeycomb grouper
40;115;200;Honeycomb grouper
40;115;200;Honeycomb grouper
40;115;200;Honeycomb grouper
40;115;200;Honeycomb grouper
40;115;200;Honeycomb grouper
40;115;200;Honeycomb grouper
40;115;200;Honeycomb grouper
40;115;200;Honeycomb grouper
41;30;2000;Blue-barred parrotfish
41;83;2000;Doublebar goatfish
43;27;1000;Golden trevally
43;27;875;Golden trevally
43;27;250;Golden trevally
43;27;375;Golden trevally
44;30;200;Blue-barred parrotfish
44;30;200;Blue-barred parrotfish
44;30;200;Blue-barred parrotfish
44;30;200;Blue-barred parrotfish
44;30;200;Blue-barred parrotfish
44;30;200;Blue-barred parrotfish
44;30;200;Blue-barred parrotfish
44;30;200;Blue-barred parrotfish
44;30;200;Blue-barred parrotfish
44;30;200;Blue-barred parrotfish
44;83;150;Doublebar goatfish
44;83;150;Doublebar goatfish
44;83;150;Doublebar goatfish
44;83;150;Doublebar goatfish
44;111;200;Halfmoon grouper
44;111;200;Halfmoon grouper
44;111;200;Halfmoon grouper
45;30;250;Blue-barred parrotfish
45;30;250;Blue-barred parrotfish
45;30;250;Blue-barred parrotfish
45;30;250;Blue-barred parrotfish
45;30;250;Blue-barred parrotfish
45;83;250;Doublebar goatfish
45;83;250;Doublebar goatfish
45;83;250;Doublebar goatfish
45;83;250;Doublebar goatfish
45;83;250;Doublebar goatfish
45;83;250;Doublebar goatfish
45;83;250;Doublebar goatfish
45;83;250;Doublebar goatfish
45;83;250;Doublebar goatfish
45;111;200;Halfmoon grouper
45;111;200;Halfmoon grouper
45;111;200;Halfmoon grouper
45;111;200;Halfmoon grouper
45;111;200;Halfmoon grouper
45;111;200;Halfmoon grouper
45;111;200;Halfmoon grouper
45;111;200;Halfmoon grouper
45;111;200;Halfmoon grouper
46;38;500;Shoemaker spinefoot
46;39;1500;Bluespine unicornfish
47;30;800;Blue-barred parrotfish
47;38;500;Shoemaker spinefoot
48;7;1500;Thumbprint Emperor
48;38;1500;Shoemaker spinefoot
49;7;1000;Thumbprint Emperor
49;25;1000;Spangled emperor
49;38;1000;Shoemaker spinefoot
50;42;1000;Sky emperor
50;42;1000;Sky emperor
50;42;1000;Sky emperor
50;42;1000;Sky emperor
50;42;1000;Sky emperor
51;30;200;Blue-barred parrotfish
51;111;100;Halfmoon grouper
52;60;500;Floral wrasse
52;69;6000;Octopus
52;115;500;Honeycomb grouper
53;30;1000;Blue-barred parrotfish
53;38;500;Shoemaker spinefoot
53;83;500;Doublebar goatfish
54;39;500;Bluespine unicornfish
54;39;800;Bluespine unicornfish
54;69;1000;Octopus
54;69;1000;Octopus
54;69;1000;Octopus
54;69;1000;Octopus
54;69;1000;Octopus
55;18;500;Triggerfish
55;111;500;Halfmoon grouper
56;30;3000;Blue-barred parrotfish
56;30;3000;Blue-barred parrotfish
56;30;3000;Blue-barred parrotfish
56;30;3000;Blue-barred parrotfish
56;30;3000;Blue-barred parrotfish
56;30;3000;Blue-barred parrotfish
56;66;500;Mullet
56;66;500;Mullet
56;66;500;Mullet
56;66;500;Mullet
56;66;500;Mullet
56;83;500;Doublebar goatfish
56;83;500;Doublebar goatfish
56;83;500;Doublebar goatfish
56;83;500;Doublebar goatfish
56;83;500;Doublebar goatfish
56;83;500;Doublebar goatfish
56;83;500;Doublebar goatfish
56;83;500;Doublebar goatfish
56;83;500;Doublebar goatfish
57;25;500;Spangled emperor
57;25;500;Spangled emperor
57;27;500;Golden trevally
57;27;1000;Golden trevally
57;27;1000;Golden trevally
57;38;1000;Shoemaker spinefoot
57;38;1000;Shoemaker spinefoot
57;39;1000;Bluespine unicornfish
57;39;750;Bluespine unicornfish
57;39;750;Bluespine unicornfish
57;66;500;Mullet
57;66;500;Mullet
57;66;500;Mullet
57;66;500;Mullet
57;83;250;Doublebar goatfish
57;83;250;Doublebar goatfish
57;83;250;Doublebar goatfish
57;83;250;Doublebar goatfish
57;83;250;Doublebar goatfish
57;83;250;Doublebar goatfish
57;83;250;Doublebar goatfish
58;18;1000;Triggerfish
58;18;1000;Triggerfish
58;18;1000;Triggerfish
58;18;1000;Triggerfish
58;18;1000;Triggerfish
58;18;1000;Triggerfish
58;18;1000;Triggerfish
58;18;1000;Triggerfish
58;18;1000;Triggerfish
58;25;900;Spangled emperor
58;25;900;Spangled emperor
58;25;900;Spangled emperor
58;25;900;Spangled emperor
58;25;900;Spangled emperor
58;25;900;Spangled emperor
58;25;900;Spangled emperor
58;42;500;Sky emperor
58;42;500;Sky emperor
58;42;500;Sky emperor
58;42;500;Sky emperor
58;42;500;Sky emperor
59;25;907;Spangled emperor
59;25;907;Spangled emperor
59;25;907;Spangled emperor
59;25;907;Spangled emperor
59;25;907;Spangled emperor
59;25;907;Spangled emperor
59;25;2267;Spangled emperor
59;25;2267;Spangled emperor
59;25;2267;Spangled emperor
59;25;2267;Spangled emperor
59;25;2267;Spangled emperor
59;39;907;Bluespine unicornfish
59;39;907;Bluespine unicornfish
59;39;907;Bluespine unicornfish
59;39;907;Bluespine unicornfish
59;39;1360,78;Bluespine unicornfish
59;42;500;Sky emperor
59;42;500;Sky emperor
59;42;500;Sky emperor
59;42;500;Sky emperor
59;42;500;Sky emperor
60;25;1000;Spangled emperor
60;25;1500;Spangled emperor
60;25;1500;Spangled emperor
60;25;1000;Spangled emperor
60;25;1000;Spangled emperor
60;30;1000;Blue-barred parrotfish
60;30;1000;Blue-barred parrotfish
60;30;1000;Blue-barred parrotfish
60;30;1000;Blue-barred parrotfish
60;38;1000;Shoemaker spinefoot
60;38;1000;Shoemaker spinefoot
60;38;1000;Shoemaker spinefoot
60;38;1000;Shoemaker spinefoot
60;83;500;Doublebar goatfish
60;83;500;Doublebar goatfish
60;83;500;Doublebar goatfish
60;83;500;Doublebar goatfish
60;83;500;Doublebar goatfish
60;83;500;Doublebar goatfish
60;111;500;Halfmoon grouper
60;111;500;Halfmoon grouper
61;25;1000;Spangled emperor
61;25;3000;Spangled emperor
61;25;3000;Spangled emperor
61;25;1000;Spangled emperor
61;25;2267;Spangled emperor
61;25;2267;Spangled emperor
61;25;2267;Spangled emperor
61;25;2267;Spangled emperor
61;30;2267;Blue-barred parrotfish
61;30;2267;Blue-barred parrotfish
61;30;2267;Blue-barred parrotfish
61;30;2267;Blue-barred parrotfish
61;30;2267;Blue-barred parrotfish
61;39;2267;Bluespine unicornfish
61;39;2267;Bluespine unicornfish
61;39;2267;Bluespine unicornfish
61;39;2267;Bluespine unicornfish
61;42;500;Sky emperor
61;42;500;Sky emperor
61;42;500;Sky emperor
61;42;500;Sky emperor
62;25;1500;Spangled emperor
62;25;1500;Spangled emperor
62;25;1500;Spangled emperor
62;30;1500;Blue-barred parrotfish
62;38;1500;Shoemaker spinefoot
62;38;1500;Shoemaker spinefoot
62;38;1500;Shoemaker spinefoot
62;39;1500;Bluespine unicornfish
62;39;1500;Bluespine unicornfish
62;39;2267;Bluespine unicornfish
62;39;2267;Bluespine unicornfish
62;39;1500;Bluespine unicornfish
62;39;1500;Bluespine unicornfish
62;42;500;Sky emperor
62;42;500;Sky emperor
62;42;500;Sky emperor
62;42;500;Sky emperor
62;42;500;Sky emperor
62;42;500;Sky emperor
62;42;500;Sky emperor
63;25;2067;Spangled emperor
63;25;2067;Spangled emperor
63;25;2067;Spangled emperor
63;25;2067;Spangled emperor
63;25;2067;Spangled emperor
63;28;5000;Freckled Drift fish
63;28;2067;Freckled Drift fish
63;28;1000;Freckled Drift fish
63;30;2067;Blue-barred parrotfish
63;30;2067;Blue-barred parrotfish
63;30;2067;Blue-barred parrotfish
63;30;2067;Blue-barred parrotfish
63;42;500;Sky emperor
63;42;500;Sky emperor
63;42;500;Sky emperor
63;66;1500;Mullet
63;66;1500;Mullet
63;66;1500;Mullet
63;66;1500;Mullet
63;66;1500;Mullet
63;66;1500;Mullet
64;25;1500;Spangled emperor
64;25;1500;Spangled emperor
64;39;1500;Bluespine unicornfish
64;39;1500;Bluespine unicornfish
64;39;1500;Bluespine unicornfish
64;42;500;Sky emperor
64;42;500;Sky emperor
64;42;500;Sky emperor
64;66;1500;Mullet
64;66;1500;Mullet
64;66;1500;Mullet
64;66;1500;Mullet
64;66;1500;Mullet
64;66;1500;Mullet
64;83;500;Doublebar goatfish
64;83;500;Doublebar goatfish
64;83;500;Doublebar goatfish
64;83;500;Doublebar goatfish
64;83;500;Doublebar goatfish
64;83;500;Doublebar goatfish
64;83;500;Doublebar goatfish
65;25;2000;Spangled emperor
65;25;2000;Spangled emperor
65;25;2000;Spangled emperor
65;25;2000;Spangled emperor
65;25;2000;Spangled emperor
65;28;2000;Freckled Drift fish
65;28;2000;Freckled Drift fish
65;28;2000;Freckled Drift fish
65;28;2000;Freckled Drift fish
65;28;2000;Freckled Drift fish
65;39;1500;Bluespine unicornfish
65;39;1500;Bluespine unicornfish
65;39;1500;Bluespine unicornfish
65;39;1500;Bluespine unicornfish
65;39;1500;Bluespine unicornfish
65;39;1500;Bluespine unicornfish
65;39;1500;Bluespine unicornfish
65;83;500;Doublebar goatfish
65;83;500;Doublebar goatfish
65;83;500;Doublebar goatfish
65;83;500;Doublebar goatfish
66;30;500;Blue-barred parrotfish
66;30;1000;Blue-barred parrotfish
66;30;500;Blue-barred parrotfish
66;30;500;Blue-barred parrotfish
66;39;1500;Bluespine unicornfish
66;39;2000;Bluespine unicornfish
66;39;1500;Bluespine unicornfish
66;39;1500;Bluespine unicornfish
66;83;500;Doublebar goatfish
66;83;200;Doublebar goatfish
66;83;300;Doublebar goatfish
66;83;500;Doublebar goatfish
67;30;1000;Blue-barred parrotfish
67;30;500;Blue-barred parrotfish
67;30;500;Blue-barred parrotfish
67;60;2000;Floral wrasse
67;60;1500;Floral wrasse
67;83;500;Doublebar goatfish
67;83;500;Doublebar goatfish
68;30;500;Blue-barred parrotfish
68;30;500;Blue-barred parrotfish
68;30;1000;Blue-barred parrotfish
68;30;1000;Blue-barred parrotfish
68;30;500;Blue-barred parrotfish
68;30;500;Blue-barred parrotfish
68;30;1000;Blue-barred parrotfish
68;39;2500;Bluespine unicornfish
68;39;2500;Bluespine unicornfish
68;83;1500;Doublebar goatfish
68;83;1000;Doublebar goatfish
68;83;500;Doublebar goatfish
68;83;500;Doublebar goatfish
68;83;500;Doublebar goatfish
69;30;500;Blue-barred parrotfish
69;30;500;Blue-barred parrotfish
69;60;1000;Floral wrasse
69;60;500;Floral wrasse
69;60;200;Floral wrasse
69;60;500;Floral wrasse
69;60;1000;Floral wrasse
69;60;1000;Floral wrasse
69;60;500;Floral wrasse
69;60;300;Floral wrasse
69;83;500;Doublebar goatfish
69;83;1000;Doublebar goatfish
70;25;1000;Spangled emperor
70;25;500;Spangled emperor
70;25;500;Spangled emperor
70;27;500;Golden trevally
70;27;1000;Golden trevally
70;27;500;Golden trevally
70;27;500;Golden trevally
70;42;1500;Sky emperor
70;42;500;Sky emperor
70;111;1000;Halfmoon grouper
70;111;1000;Halfmoon grouper
70;111;500;Halfmoon grouper
70;111;500;Halfmoon grouper
70;111;500;Halfmoon grouper
71;25;1000;Spangled emperor
71;25;500;Spangled emperor
71;25;500;Spangled emperor
71;27;1500;Golden trevally
71;42;500;Sky emperor
71;42;500;Sky emperor
71;42;500;Sky emperor
71;111;1000;Halfmoon grouper
71;111;1000;Halfmoon grouper
72;25;1500;Spangled emperor
72;25;500;Spangled emperor
72;25;500;Spangled emperor
72;25;500;Spangled emperor
72;119;500;Blacktip grouper
72;119;500;Blacktip grouper
72;119;1000;Blacktip grouper
73;104;25000;Yellowfin tuna
73;104;25000;Yellowfin tuna
73;104;25000;Yellowfin tuna
74;25;1000;Spangled emperor
74;30;500;Blue-barred parrotfish
74;39;500;Bluespine unicornfish
74;119;500;Blacktip grouper
75;104;25000;Yellowfin tuna
75;104;25000;Yellowfin tuna
75;104;25000;Yellowfin tuna
77;43;15000;Common dolphinfish
77;43;15000;Common dolphinfish
77;104;5000;Yellowfin tuna
77;104;1000;Yellowfin tuna
78;9;14000;Pickhandle barracuda 
78;25;1000;Spangled emperor
78;25;3500;Spangled emperor
78;35;1000;Spotcheek Emperor
78;35;400;Spotcheek Emperor
78;42;4000;Sky emperor
78;42;2000;Sky emperor
78;98;2000;Obtuse barracuda
78;99;8000;Tuna (unspecified)
78;99;30000;Tuna (unspecified)
78;108;6000;Green jobfish 
78;108;12000;Green jobfish 
78;117;1500;Eightbar grouper 
78;117;3500;Eightbar grouper 
79;14;15000;Skipjack tuna
79;104;20000;Yellowfin tuna
80;25;400;Spangled emperor
80;119;600;Blacktip grouper
80;119;600;Blacktip grouper
80;119;600;Blacktip grouper
80;119;600;Blacktip grouper
80;119;600;Blacktip grouper
80;119;600;Blacktip grouper
80;119;600;Blacktip grouper
80;119;600;Blacktip grouper
80;119;600;Blacktip grouper
80;119;600;Blacktip grouper
80;119;600;Blacktip grouper
80;119;600;Blacktip grouper
80;119;600;Blacktip grouper
80;119;600;Blacktip grouper
80;119;600;Blacktip grouper
80;119;600;Blacktip grouper
81;99;25000;Tuna (unspecified)
81;99;25000;Tuna (unspecified)
81;99;25000;Tuna (unspecified)
81;99;25000;Tuna (unspecified)
81;99;25000;Tuna (unspecified)
82;9;6000;Pickhandle barracuda 
82;14;5000;Skipjack tuna
82;43;6000;Common dolphinfish
82;62;2,00E+05;Marlin
82;99;250000;Tuna (unspecified)
82;107;2,00E+05;Tiger shark
83;30;1250;Blue-barred parrotfish
83;30;1250;Blue-barred parrotfish
83;30;1250;Blue-barred parrotfish
83;38;500;Shoemaker spinefoot
83;39;500;Bluespine unicornfish
84;104;25000;Yellowfin tuna
84;104;2500;Yellowfin tuna
84;104;3000;Yellowfin tuna
84;104;2500;Yellowfin tuna
84;104;2500;Yellowfin tuna
84;104;3000;Yellowfin tuna
84;104;2500;Yellowfin tuna
84;104;3000;Yellowfin tuna
85;104;10000;Yellowfin tuna
85;104;10000;Yellowfin tuna
85;104;10000;Yellowfin tuna
85;104;10000;Yellowfin tuna
85;104;10000;Yellowfin tuna
86;14;18000;Skipjack tuna
86;104;28000;Yellowfin tuna
86;104;28000;Yellowfin tuna
86;104;28000;Yellowfin tuna
86;104;28000;Yellowfin tuna
86;104;25000;Yellowfin tuna
86;104;26000;Yellowfin tuna
86;104;20000;Yellowfin tuna
86;104;28000;Yellowfin tuna
86;104;28000;Yellowfin tuna
86;104;28000;Yellowfin tuna
86;104;28000;Yellowfin tuna
86;104;28000;Yellowfin tuna
86;104;28000;Yellowfin tuna
87;39;3000;Bluespine unicornfish
87;39;3000;Bluespine unicornfish
87;39;3000;Bluespine unicornfish
87;39;3000;Bluespine unicornfish
87;39;3000;Bluespine unicornfish
87;39;3000;Bluespine unicornfish
87;39;3000;Bluespine unicornfish
87;39;1000;Bluespine unicornfish
87;39;1000;Bluespine unicornfish
87;39;2000;Bluespine unicornfish
88;25;1000;Spangled emperor
88;25;1000;Spangled emperor
88;25;1000;Spangled emperor
88;25;1000;Spangled emperor
88;25;1000;Spangled emperor
88;42;500;Sky emperor
88;42;2500;Sky emperor
88;42;1000;Sky emperor
89;9;2000;Pickhandle barracuda 
89;9;3000;Pickhandle barracuda 
89;88;5000;Deep-water red snapper/ Ruby snapper
89;99;10000;Tuna (unspecified)
89;99;4000;Tuna (unspecified)
90;99;6000;Tuna (unspecified)
90;99;6000;Tuna (unspecified)
90;99;6000;Tuna (unspecified)
90;99;6000;Tuna (unspecified)
91;43;25000;Common dolphinfish
91;62;1,00E+05;Marlin
91;92;50000;Shark
91;99;15000;Tuna (unspecified)
92;14;10000;Skipjack tuna
93;25;5000;Spangled emperor
93;42;5000;Sky emperor
93;108;10000;Green jobfish 
93;119;3000;Blacktip grouper
94;9;4000;Pickhandle barracuda 
94;25;25000;Spangled emperor
94;42;4375;Sky emperor
94;61;5000;Tomato hind
94;87;40000;Ruby snapper/ Sacre chien grande queue
94;99;45000;Tuna (unspecified)
94;108;4375;Green jobfish 
94;111;4375;Halfmoon grouper
94;121;6000;Snapper
95;9;5000;Pickhandle barracuda 
95;25;20000;Spangled emperor
95;43;3000;Common dolphinfish
95;99;20000;Tuna (unspecified)
95;108;10000;Green jobfish 
95;111;6000;Halfmoon grouper
96;14;75000;Skipjack tuna
96;27;1500;Golden trevally
96;99;2,00E+05;Tuna (unspecified)
96;119;40000;Blacktip grouper
97;9;1,00E+05;Pickhandle barracuda 
97;42;50000;Sky emperor
97;43;1,00E+05;Common dolphinfish
97;99;1,00E+05;Tuna (unspecified)
98;9;20000;Pickhandle barracuda 
98;27;10000;Golden trevally
98;99;40000;Tuna (unspecified)
98;111;5000;Halfmoon grouper
99;25;2000;Spangled emperor
99;25;2000;Spangled emperor
99;42;2000;Sky emperor
99;42;750;Sky emperor
99;111;500;Halfmoon grouper
99;111;500;Halfmoon grouper
99;111;500;Halfmoon grouper
99;111;500;Halfmoon grouper
100;20;200;Goby
100;20;200;Goby
100;20;400;Goby
100;20;200;Goby
100;20;200;Goby
100;20;250;Goby
100;20;200;Goby
100;20;200;Goby
100;20;200;Goby
100;20;200;Goby
100;20;200;Goby
100;20;400;Goby
100;20;150;Goby
101;38;300;Shoemaker spinefoot
101;38;250;Shoemaker spinefoot
101;38;250;Shoemaker spinefoot
101;38;200;Shoemaker spinefoot
101;38;350;Shoemaker spinefoot
101;38;300;Shoemaker spinefoot
101;38;350;Shoemaker spinefoot
101;38;400;Shoemaker spinefoot
101;38;400;Shoemaker spinefoot
101;83;200;Doublebar goatfish
101;83;250;Doublebar goatfish
101;83;250;Doublebar goatfish
101;83;200;Doublebar goatfish
101;83;300;Doublebar goatfish
101;83;200;Doublebar goatfish
101;83;150;Doublebar goatfish
101;83;200;Doublebar goatfish
101;83;150;Doublebar goatfish
101;83;200;Doublebar goatfish
101;111;300;Halfmoon grouper
101;111;200;Halfmoon grouper
101;111;200;Halfmoon grouper
101;111;150;Halfmoon grouper
101;111;150;Halfmoon grouper
101;111;200;Halfmoon grouper
102;104;5000;Yellowfin tuna
102;104;5500;Yellowfin tuna
102;104;4000;Yellowfin tuna
102;104;3000;Yellowfin tuna
102;104;3000;Yellowfin tuna
102;104;4500;Yellowfin tuna
103;18;500;Triggerfish
103;18;750;Triggerfish
103;18;1000;Triggerfish
103;35;1000;Spotcheek Emperor
103;35;1000;Spotcheek Emperor
103;119;500;Blacktip grouper
103;119;1000;Blacktip grouper
103;119;750;Blacktip grouper
103;119;1000;Blacktip grouper
104;27;4000;Golden trevally
104;27;4000;Golden trevally
104;27;4000;Golden trevally
104;42;2000;Sky emperor
104;42;1000;Sky emperor
104;43;30000;Common dolphinfish
104;99;15000;Tuna (unspecified)
104;119;2000;Blacktip grouper
104;119;1000;Blacktip grouper
104;119;1000;Blacktip grouper
105;42;1000;Sky emperor
105;42;1000;Sky emperor
106;110;1000;Oblique-banded grouper
106;110;1000;Oblique-banded grouper
107;42;2000;Sky emperor
107;42;1000;Sky emperor
107;109;2000;Marbled coralgrouper 
107;109;2000;Marbled coralgrouper 
107;119;2000;Blacktip grouper
107;119;1000;Blacktip grouper
108;14;2000;Skipjack tuna
108;25;3500;Spangled emperor
108;41;2000;White-edged lyretail/Yellow-edged lyretail 
108;41;1500;White-edged lyretail/Yellow-edged lyretail 
108;87;2000;Ruby snapper/ Sacre chien grande queue
108;87;2000;Ruby snapper/ Sacre chien grande queue
108;99;12000;Tuna (unspecified)
109;7;2000;Thumbprint Emperor
109;14;3000;Skipjack tuna
109;14;3000;Skipjack tuna
109;25;2000;Spangled emperor
109;25;2000;Spangled emperor
109;41;3000;White-edged lyretail/Yellow-edged lyretail 
109;99;5000;Tuna (unspecified)
109;99;5000;Tuna (unspecified)
109;99;5000;Tuna (unspecified)
110;25;1500;Spangled emperor
110;25;1500;Spangled emperor
110;42;1000;Sky emperor
110;42;1000;Sky emperor
110;42;2000;Sky emperor
110;42;2000;Sky emperor
110;44;8000;Indo-Pacific blue marlin
110;119;1000;Blacktip grouper
110;119;1000;Blacktip grouper
110;119;2000;Blacktip grouper
111;25;1500;Spangled emperor
111;25;1500;Spangled emperor
111;25;1000;Spangled emperor
111;41;1000;White-edged lyretail/Yellow-edged lyretail 
111;41;1000;White-edged lyretail/Yellow-edged lyretail 
111;41;1000;White-edged lyretail/Yellow-edged lyretail 
111;87;1000;Ruby snapper/ Sacre chien grande queue
111;87;1000;Ruby snapper/ Sacre chien grande queue
111;87;2000;Ruby snapper/ Sacre chien grande queue
111;87;1000;Ruby snapper/ Sacre chien grande queue
111;119;500;Blacktip grouper
111;119;1000;Blacktip grouper
111;119;500;Blacktip grouper
111;119;250;Blacktip grouper
111;119;500;Blacktip grouper
111;119;250;Blacktip grouper
112;25;500;Spangled emperor
112;25;1000;Spangled emperor
112;27;1000;Golden trevally
112;27;1000;Golden trevally
112;83;500;Doublebar goatfish
113;14;1000;Skipjack tuna
113;14;1500;Skipjack tuna
113;14;1000;Skipjack tuna
113;14;1500;Skipjack tuna
113;42;500;Sky emperor
113;42;500;Sky emperor
113;42;500;Sky emperor
113;42;500;Sky emperor
113;44;3000;Indo-Pacific blue marlin
113;44;2000;Indo-Pacific blue marlin
113;44;5000;Indo-Pacific blue marlin
113;119;500;Blacktip grouper
113;119;500;Blacktip grouper
113;119;400;Blacktip grouper
113;119;600;Blacktip grouper
113;119;250;Blacktip grouper
113;119;500;Blacktip grouper
113;119;250;Blacktip grouper
114;99;27000;Tuna (unspecified)
114;99;20000;Tuna (unspecified)
114;104;23000;Yellowfin tuna
115;99;19000;Tuna (unspecified)
115;99;22000;Tuna (unspecified)
115;99;25000;Tuna (unspecified)
115;99;25000;Tuna (unspecified)
115;99;25000;Tuna (unspecified)
115;99;25000;Tuna (unspecified)
116;99;20000;Tuna (unspecified)
116;99;20000;Tuna (unspecified)
117;14;2500;Skipjack tuna
117;14;5000;Skipjack tuna
117;104;5000;Yellowfin tuna
117;104;5000;Yellowfin tuna
118;99;15000;Tuna (unspecified)
118;99;30000;Tuna (unspecified)
118;99;30000;Tuna (unspecified)
118;99;20000;Tuna (unspecified)
118;99;17500;Tuna (unspecified)
118;99;17500;Tuna (unspecified)
119;104;10000;Yellowfin tuna
119;104;10000;Yellowfin tuna
119;104;10000;Yellowfin tuna
119;104;5000;Yellowfin tuna
120;99;25000;Tuna (unspecified)
120;99;15000;Tuna (unspecified)
120;99;30000;Tuna (unspecified)
120;99;20000;Tuna (unspecified)
120;99;35000;Tuna (unspecified)
121;9;7500;Pickhandle barracuda 
121;9;7000;Pickhandle barracuda 
121;9;7000;Pickhandle barracuda 
121;43;10000;Common dolphinfish
121;43;7000;Common dolphinfish
121;43;7500;Common dolphinfish
121;104;5000;Yellowfin tuna
121;104;7500;Yellowfin tuna
121;104;5000;Yellowfin tuna
121;104;7000;Yellowfin tuna
121;104;6000;Yellowfin tuna
121;104;5000;Yellowfin tuna
121;104;5000;Yellowfin tuna
121;104;6000;Yellowfin tuna
121;104;5000;Yellowfin tuna
121;104;7500;Yellowfin tuna
122;30;200;Blue-barred parrotfish
122;30;200;Blue-barred parrotfish
122;30;200;Blue-barred parrotfish
122;30;200;Blue-barred parrotfish
122;30;200;Blue-barred parrotfish
122;30;200;Blue-barred parrotfish
122;30;200;Blue-barred parrotfish
122;30;200;Blue-barred parrotfish
122;30;200;Blue-barred parrotfish
122;30;200;Blue-barred parrotfish
122;111;500;Halfmoon grouper
122;111;100;Halfmoon grouper
122;111;100;Halfmoon grouper
122;111;100;Halfmoon grouper
122;111;200;Halfmoon grouper
123;30;250;Blue-barred parrotfish
123;30;250;Blue-barred parrotfish
123;30;200;Blue-barred parrotfish
123;30;200;Blue-barred parrotfish
123;30;250;Blue-barred parrotfish
123;30;150;Blue-barred parrotfish
123;111;200;Halfmoon grouper
123;111;250;Halfmoon grouper
123;111;200;Halfmoon grouper
123;111;200;Halfmoon grouper
123;111;200;Halfmoon grouper
123;111;150;Halfmoon grouper
124;30;200;Blue-barred parrotfish
124;30;200;Blue-barred parrotfish
124;30;200;Blue-barred parrotfish
124;30;200;Blue-barred parrotfish
124;30;100;Blue-barred parrotfish
124;30;100;Blue-barred parrotfish
124;83;200;Doublebar goatfish
124;83;150;Doublebar goatfish
124;83;200;Doublebar goatfish
124;111;200;Halfmoon grouper
124;111;200;Halfmoon grouper
124;111;200;Halfmoon grouper
124;111;200;Halfmoon grouper
125;18;500;Triggerfish
125;18;500;Triggerfish
125;18;500;Triggerfish
125;18;500;Triggerfish
125;18;500;Triggerfish
125;18;400;Triggerfish
125;18;500;Triggerfish
125;30;5000;Blue-barred parrotfish
125;30;1000;Blue-barred parrotfish
125;30;1000;Blue-barred parrotfish
125;30;500;Blue-barred parrotfish
125;39;3000;Bluespine unicornfish
125;39;1000;Bluespine unicornfish
125;39;2000;Bluespine unicornfish
125;39;2000;Bluespine unicornfish
125;39;2000;Bluespine unicornfish
125;39;800;Bluespine unicornfish
125;39;700;Bluespine unicornfish
125;39;1000;Bluespine unicornfish
125;39;500;Bluespine unicornfish
125;39;2000;Bluespine unicornfish
125;39;1000;Bluespine unicornfish
125;39;900;Bluespine unicornfish
125;39;900;Bluespine unicornfish
125;39;900;Bluespine unicornfish
126;9;5000;Pickhandle barracuda 
126;9;7000;Pickhandle barracuda 
126;9;5000;Pickhandle barracuda 
126;43;3000;Common dolphinfish
126;43;5000;Common dolphinfish
126;43;20000;Common dolphinfish
126;43;10000;Common dolphinfish
126;104;10000;Yellowfin tuna
126;104;5000;Yellowfin tuna
126;104;20000;Yellowfin tuna
126;104;10000;Yellowfin tuna
127;104;5000;Yellowfin tuna
127;104;5000;Yellowfin tuna
127;104;5000;Yellowfin tuna
127;104;5000;Yellowfin tuna
127;104;6000;Yellowfin tuna
128;14;1000;Skipjack tuna
128;14;10000;Skipjack tuna
128;14;5000;Skipjack tuna
128;14;5000;Skipjack tuna
128;14;2000;Skipjack tuna
128;43;4000;Common dolphinfish
128;43;8000;Common dolphinfish
128;43;5000;Common dolphinfish
128;43;8000;Common dolphinfish
128;43;10000;Common dolphinfish
128;43;5000;Common dolphinfish
128;99;5000;Tuna (unspecified)
128;99;5000;Tuna (unspecified)
128;99;10000;Tuna (unspecified)
128;99;10000;Tuna (unspecified)
128;99;15000;Tuna (unspecified)
129;30;600;Blue-barred parrotfish
129;30;400;Blue-barred parrotfish
129;30;2000;Blue-barred parrotfish
129;30;5000;Blue-barred parrotfish
129;30;1000;Blue-barred parrotfish
129;30;1000;Blue-barred parrotfish
129;30;2000;Blue-barred parrotfish
129;30;1000;Blue-barred parrotfish
129;30;3000;Blue-barred parrotfish
129;30;1000;Blue-barred parrotfish
129;30;500;Blue-barred parrotfish
129;38;1000;Shoemaker spinefoot
129;38;1500;Shoemaker spinefoot
129;38;1000;Shoemaker spinefoot
129;38;1500;Shoemaker spinefoot
129;38;1000;Shoemaker spinefoot
129;38;1000;Shoemaker spinefoot
129;94;3000;Surgeonfish
129;94;2000;Surgeonfish
129;94;1500;Surgeonfish
129;94;2000;Surgeonfish
129;94;1500;Surgeonfish
129;94;2000;Surgeonfish
129;94;1500;Surgeonfish
129;94;2000;Surgeonfish
130;25;1500;Spangled emperor
130;25;1000;Spangled emperor
130;25;1500;Spangled emperor
130;25;3000;Spangled emperor
130;25;5000;Spangled emperor
130;25;5000;Spangled emperor
130;25;2500;Spangled emperor
130;25;1000;Spangled emperor
130;119;1000;Blacktip grouper
130;119;2000;Blacktip grouper
130;119;1000;Blacktip grouper
130;119;2000;Blacktip grouper
130;119;1500;Blacktip grouper
130;119;1500;Blacktip grouper
130;119;900;Blacktip grouper
130;119;500;Blacktip grouper
130;119;3000;Blacktip grouper
130;119;4000;Blacktip grouper
130;119;3500;Blacktip grouper
130;119;2000;Blacktip grouper
131;14;1000;Skipjack tuna
131;14;1000;Skipjack tuna
131;43;500;Common dolphinfish
131;43;500;Common dolphinfish
131;43;2000;Common dolphinfish
131;43;1000;Common dolphinfish
131;99;2000;Tuna (unspecified)
131;99;2000;Tuna (unspecified)
132;54;500;Crown squirrelfish
132;71;500;Butterflyfishes
133;28;500;Freckled Drift fish
133;28;1000;Freckled Drift fish
133;28;500;Freckled Drift fish
133;30;1000;Blue-barred parrotfish
133;30;500;Blue-barred parrotfish
133;30;500;Blue-barred parrotfish
133;30;1000;Blue-barred parrotfish
133;30;1000;Blue-barred parrotfish
133;83;1000;Doublebar goatfish
133;83;500;Doublebar goatfish
133;83;1000;Doublebar goatfish
133;83;500;Doublebar goatfish
134;35;1000;Spotcheek Emperor
134;35;500;Spotcheek Emperor
134;35;1500;Spotcheek Emperor
134;35;2500;Spotcheek Emperor
134;35;1000;Spotcheek Emperor
134;83;500;Doublebar goatfish
134;83;700;Doublebar goatfish
134;83;1300;Doublebar goatfish
134;83;1000;Doublebar goatfish
135;27;500;Golden trevally
135;27;500;Golden trevally
135;27;500;Golden trevally
135;60;500;Floral wrasse
135;60;500;Floral wrasse
135;111;500;Halfmoon grouper
135;111;500;Halfmoon grouper
135;111;500;Halfmoon grouper
136;25;1500;Spangled emperor
136;25;1500;Spangled emperor
136;25;1500;Spangled emperor
136;27;2500;Golden trevally
136;42;2000;Sky emperor
136;42;2000;Sky emperor
137;35;1000;Spotcheek Emperor
137;35;500;Spotcheek Emperor
137;35;2000;Spotcheek Emperor
137;83;1000;Doublebar goatfish
137;83;500;Doublebar goatfish
137;83;500;Doublebar goatfish
137;83;1000;Doublebar goatfish
137;83;500;Doublebar goatfish
138;39;1000;Bluespine unicornfish
138;39;1500;Bluespine unicornfish
138;39;1000;Bluespine unicornfish
138;39;1500;Bluespine unicornfish
138;39;1000;Bluespine unicornfish
138;39;1000;Bluespine unicornfish
138;39;500;Bluespine unicornfish
139;39;500;Bluespine unicornfish
139;39;500;Bluespine unicornfish
139;39;500;Bluespine unicornfish
139;39;500;Bluespine unicornfish
139;39;300;Bluespine unicornfish
139;39;200;Bluespine unicornfish
140;35;70;Spotcheek Emperor
140;35;50;Spotcheek Emperor
140;83;500;Doublebar goatfish
140;83;500;Doublebar goatfish
140;83;1000;Doublebar goatfish
140;83;1000;Doublebar goatfish
140;119;350;Blacktip grouper
140;119;200;Blacktip grouper
140;119;400;Blacktip grouper
140;119;400;Blacktip grouper
141;18;1000;Triggerfish
141;39;1000;Bluespine unicornfish
142;39;1000;Bluespine unicornfish
143;111;500;Halfmoon grouper
144;87;500;Ruby snapper/ Sacre chien grande queue
144;119;1000;Blacktip grouper
145;30;500;Blue-barred parrotfish
145;83;500;Doublebar goatfish
145;111;500;Halfmoon grouper
146;30;500;Blue-barred parrotfish
146;83;500;Doublebar goatfish
146;111;500;Halfmoon grouper
147;115;500;Honeycomb grouper
148;15;500;Mangrove Red snapper
148;30;700;Blue-barred parrotfish
148;83;600;Doublebar goatfish
148;111;500;Halfmoon grouper
149;60;1500;Floral wrasse
150;60;750;Floral wrasse
151;7;1500;Thumbprint Emperor
151;25;2000;Spangled emperor
151;83;300;Doublebar goatfish
152;39;1000;Bluespine unicornfish
152;39;1500;Bluespine unicornfish
152;39;1500;Bluespine unicornfish
152;39;1500;Bluespine unicornfish
152;39;1000;Bluespine unicornfish
152;39;1000;Bluespine unicornfish
152;39;1500;Bluespine unicornfish
152;94;1500;Surgeonfish
152;94;1500;Surgeonfish
153;39;1500;Bluespine unicornfish
153;94;4000;Surgeonfish
155;87;1000;Ruby snapper/ Sacre chien grande queue
155;87;1500;Ruby snapper/ Sacre chien grande queue
155;87;1500;Ruby snapper/ Sacre chien grande queue
155;119;500;Blacktip grouper
155;119;750;Blacktip grouper
158;20;500;Goby
158;20;500;Goby
158;30;2000;Blue-barred parrotfish
158;30;350;Blue-barred parrotfish
158;30;350;Blue-barred parrotfish
158;38;500;Shoemaker spinefoot
158;38;750;Shoemaker spinefoot
158;83;500;Doublebar goatfish
158;83;350;Doublebar goatfish
158;83;400;Doublebar goatfish
158;83;300;Doublebar goatfish
159;25;2000;Spangled emperor
159;27;10000;Golden trevally
160;18;NA;Triggerfish
160;42;NA;Sky emperor
160;87;NA;Ruby snapper/ Sacre chien grande queue
161;43;5000;Common dolphinfish
161;43;5000;Common dolphinfish
161;99;40000;Tuna (unspecified)
163;83;NA;Doublebar goatfish
163;83;NA;Doublebar goatfish
163;83;NA;Doublebar goatfish
163;83;NA;Doublebar goatfish
163;83;NA;Doublebar goatfish
163;83;NA;Doublebar goatfish
163;83;NA;Doublebar goatfish
163;83;NA;Doublebar goatfish
163;83;NA;Doublebar goatfish
163;83;NA;Doublebar goatfish
163;83;NA;Doublebar goatfish
163;83;NA;Doublebar goatfish
163;83;NA;Doublebar goatfish
163;83;NA;Doublebar goatfish
163;83;NA;Doublebar goatfish
164;30;250;Blue-barred parrotfish
164;39;3250;Bluespine unicornfish
164;39;2500;Bluespine unicornfish
164;39;2750;Bluespine unicornfish
164;39;2500;Bluespine unicornfish
164;83;200;Doublebar goatfish
165;30;500;Blue-barred parrotfish
165;30;500;Blue-barred parrotfish
165;30;500;Blue-barred parrotfish
165;30;500;Blue-barred parrotfish
165;30;500;Blue-barred parrotfish
165;83;250;Doublebar goatfish
165;83;250;Doublebar goatfish
165;83;250;Doublebar goatfish
165;83;250;Doublebar goatfish
165;83;250;Doublebar goatfish
165;111;250;Halfmoon grouper
165;111;250;Halfmoon grouper
165;111;250;Halfmoon grouper
165;111;250;Halfmoon grouper
165;111;250;Halfmoon grouper
166;25;1000;Spangled emperor
166;83;150;Doublebar goatfish
167;38;500;Shoemaker spinefoot
167;60;500;Floral wrasse
167;83;350;Doublebar goatfish
168;38;250;Shoemaker spinefoot
168;83;200;Doublebar goatfish
168;111;200;Halfmoon grouper
169;9;50000;Pickhandle barracuda 
169;25;20000;Spangled emperor
169;42;30000;Sky emperor
169;43;20000;Common dolphinfish
169;62;1,00E+05;Marlin
169;87;40000;Ruby snapper/ Sacre chien grande queue
169;99;1,00E+05;Tuna (unspecified)
169;108;5000;Green jobfish 
170;9;50000;Pickhandle barracuda 
170;27;70000;Golden trevally
170;42;40000;Sky emperor
170;43;1,00E+05;Common dolphinfish
170;62;3,00E+05;Marlin
170;62;3,00E+05;Marlin
170;99;2,00E+05;Tuna (unspecified)
171;9;60000;Pickhandle barracuda 
171;27;40000;Golden trevally
171;43;30000;Common dolphinfish
171;62;1,00E+05;Marlin
171;87;25000;Ruby snapper/ Sacre chien grande queue
171;99;50000;Tuna (unspecified)
171;119;20000;Blacktip grouper
172;14;25000;Skipjack tuna
172;43;20000;Common dolphinfish
172;43;20000;Common dolphinfish
172;62;1,00E+05;Marlin
172;99;10000;Tuna (unspecified)
172;99;5000;Tuna (unspecified)
172;99;20000;Tuna (unspecified)
173;30;8000;Blue-barred parrotfish
173;30;10000;Blue-barred parrotfish
173;99;5000;Tuna (unspecified)
174;9;4500;Pickhandle barracuda 
174;99;1500;Tuna (unspecified)
175;30;6000;Blue-barred parrotfish
175;39;5000;Bluespine unicornfish
175;83;3000;Doublebar goatfish
176;38;5000;Shoemaker spinefoot
176;83;5000;Doublebar goatfish
176;99;11000;Tuna (unspecified)
176;99;7500;Tuna (unspecified)
176;111;1250;Halfmoon grouper
176;111;750;Halfmoon grouper
177;104;4000;Yellowfin tuna
177;104;3000;Yellowfin tuna
177;104;4500;Yellowfin tuna
178;111;1000;Halfmoon grouper
178;111;1000;Halfmoon grouper
178;111;1000;Halfmoon grouper
179;14;2500;Skipjack tuna
179;14;5000;Skipjack tuna
179;104;5000;Yellowfin tuna
179;104;5000;Yellowfin tuna
180;99;17500;Tuna (unspecified)
180;99;17500;Tuna (unspecified)
180;99;15000;Tuna (unspecified)
180;99;20000;Tuna (unspecified)
181;104;10000;Yellowfin tuna
181;104;10000;Yellowfin tuna
181;104;10000;Yellowfin tuna
181;104;5000;Yellowfin tuna
182;99;25000;Tuna (unspecified)
182;99;15000;Tuna (unspecified)
182;99;30000;Tuna (unspecified)
182;99;35000;Tuna (unspecified)
183;99;5000;Tuna (unspecified)
184;99;5000;Tuna (unspecified)
184;99;5000;Tuna (unspecified)
185;111;500;Halfmoon grouper
185;111;100;Halfmoon grouper
185;111;100;Halfmoon grouper
185;111;100;Halfmoon grouper
185;111;200;Halfmoon grouper
186;30;250;Blue-barred parrotfish
186;30;250;Blue-barred parrotfish
186;30;200;Blue-barred parrotfish
186;111;6000;Halfmoon grouper
187;9;1,00E+05;Pickhandle barracuda 
187;62;1,00E+05;Marlin
187;99;1,00E+05;Tuna (unspecified)
188;30;1000;Blue-barred parrotfish
188;38;500;Shoemaker spinefoot
189;30;500;Blue-barred parrotfish
189;38;1000;Shoemaker spinefoot
189;119;1500;Blacktip grouper
190;27;2000;Golden trevally
190;30;500;Blue-barred parrotfish
190;38;500;Shoemaker spinefoot
190;119;500;Blacktip grouper
191;30;1000;Blue-barred parrotfish
191;38;1000;Shoemaker spinefoot
191;111;500;Halfmoon grouper
192;30;1000;Blue-barred parrotfish
192;38;1000;Shoemaker spinefoot
192;99;5000;Tuna (unspecified)
193;27;1000;Golden trevally
193;30;1000;Blue-barred parrotfish
193;38;500;Shoemaker spinefoot
194;30;750;Blue-barred parrotfish
194;38;500;Shoemaker spinefoot
194;83;500;Doublebar goatfish
195;104;3000;Yellowfin tuna
196;30;750;Blue-barred parrotfish
196;104;2000;Yellowfin tuna
196;119;500;Blacktip grouper
197;30;500;Blue-barred parrotfish
197;38;500;Shoemaker spinefoot
197;99;2000;Tuna (unspecified)
198;27;1000;Golden trevally
198;60;500;Floral wrasse
198;83;500;Doublebar goatfish
199;25;2000;Spangled emperor
199;30;1000;Blue-barred parrotfish
199;38;500;Shoemaker spinefoot
200;87;500;Ruby snapper/ Sacre chien grande queue
200;119;500;Blacktip grouper
201;30;750;Blue-barred parrotfish
201;38;500;Shoemaker spinefoot
201;115;500;Honeycomb grouper
202;30;1000;Blue-barred parrotfish
202;35;1000;Spotcheek Emperor
202;119;1000;Blacktip grouper
203;30;2000;Blue-barred parrotfish
203;38;500;Shoemaker spinefoot
203;60;2000;Floral wrasse
204;7;750;Thumbprint Emperor
204;19;500;Strongspine silver-biddy
204;25;750;Spangled emperor
204;38;500;Shoemaker spinefoot
205;25;1000;Spangled emperor
205;30;750;Blue-barred parrotfish
205;38;500;Shoemaker spinefoot
206;30;750;Blue-barred parrotfish
206;38;500;Shoemaker spinefoot
206;115;500;Honeycomb grouper
207;14;2000;Skipjack tuna
207;27;3000;Golden trevally
207;38;500;Shoemaker spinefoot
207;99;8000;Tuna (unspecified)
209;27;10000;Golden trevally
209;43;10000;Common dolphinfish
209;99;30000;Tuna (unspecified)
210;30;7000;Blue-barred parrotfish
210;38;7000;Shoemaker spinefoot
211;39;4000;Bluespine unicornfish
211;94;375;Surgeonfish
212;25;375;Spangled emperor
213;9;4000;Pickhandle barracuda 
213;43;5000;Common dolphinfish
213;62;50000;Marlin
213;104;7500;Yellowfin tuna
213;122;50000;Indo-Pacific sailfish
214;9;4000;Pickhandle barracuda 
214;43;5000;Common dolphinfish
214;62;75000;Marlin
214;104;7000;Yellowfin tuna
214;122;50000;Indo-Pacific sailfish
215;9;20000;Pickhandle barracuda 
215;43;10000;Common dolphinfish
215;104;60000;Yellowfin tuna
216;25;700;Spangled emperor
216;30;500;Blue-barred parrotfish
216;38;400;Shoemaker spinefoot
217;99;80000;Tuna (unspecified)
217;104;10000;Yellowfin tuna
218;99;7000;Tuna (unspecified)
218;104;7000;Yellowfin tuna
219;30;350;Blue-barred parrotfish
219;39;750;Bluespine unicornfish
219;94;200;Surgeonfish
220;26;NA;Striped large-eye bream
220;83;NA;Doublebar goatfish
220;119;NA;Blacktip grouper
221;30;250;Blue-barred parrotfish
221;38;250;Shoemaker spinefoot
221;94;125;Surgeonfish
222;30;750;Blue-barred parrotfish
222;39;500;Bluespine unicornfish
223;115;150;Honeycomb grouper
224;30;500;Blue-barred parrotfish
224;38;250;Shoemaker spinefoot
227;25;3000;Spangled emperor
227;99;12000;Tuna (unspecified)
227;108;6000;Green jobfish 
228;30;250;Blue-barred parrotfish
228;39;1500;Bluespine unicornfish
229;35;500;Spotcheek Emperor
229;119;350;Blacktip grouper
231;30;7000;Blue-barred parrotfish
231;38;7000;Shoemaker spinefoot
232;25;1000;Spangled emperor
232;42;1000;Sky emperor
233;38;1000;Shoemaker spinefoot
233;111;1500;Halfmoon grouper
234;30;500;Blue-barred parrotfish
234;38;NA;Shoemaker spinefoot
234;111;NA;Halfmoon grouper
235;27;1000;Golden trevally
235;98;1000;Obtuse barracuda
236;14;2500;Skipjack tuna
237;9;NA;Pickhandle barracuda 
237;42;NA;Sky emperor
237;83;NA;Doublebar goatfish
238;25;2500;Spangled emperor
238;42;1500;Sky emperor
238;119;1500;Blacktip grouper
239;14;5000;Skipjack tuna
239;99;3500;Tuna (unspecified)
240;14;5000;Skipjack tuna
240;43;8000;Common dolphinfish
240;99;10000;Tuna (unspecified)
241;14;10000;Skipjack tuna
241;43;5000;Common dolphinfish
241;99;15000;Tuna (unspecified)
242;9;8000;Pickhandle barracuda 
242;14;2500;Skipjack tuna
242;43;30000;Common dolphinfish
242;99;50000;Tuna (unspecified)
243;99;13000;Tuna (unspecified)
244;25;1500;Spangled emperor
244;30;500;Blue-barred parrotfish
244;39;1000;Bluespine unicornfish
245;14;10000;Skipjack tuna
245;43;5000;Common dolphinfish
245;99;15000;Tuna (unspecified)
246;43;5000;Common dolphinfish
246;99;7500;Tuna (unspecified)
247;38;1500;Shoemaker spinefoot
